{
  "setting": {},
  "condition": {
    "plugin": {
      "list": []
    },
    "game": {
      "list": []
    },
    "gamePlugin": {
      "list": []
    },
    "miniprogram": {
      "list": [
        {
          "name": "游戏入口",
          "pathName": "pages/game_entrance/entrance",
          "query": "",
          "scene": null
        },
        {
          "name": "排行榜ui",
          "pathName": "pages/ranking/ranking",
          "query": "",
          "scene": null
        },
        {
          "name": "pages/game_entrance/entrance",
          "pathName": "pages/game_entrance/entrance",
          "query": "",
          "scene": null
        }
      ]
    }
  }
}